Searchterms,Title,Snippet,Link
swift and avdroid,Swift for Android: Our Experience and Tools | Blog,"Jun 1, 2018 ... The Apple Swift compiler has had the ability to compile code for the Android platform for a few years now, but it hasn't made many friendsÂ ...",https://readdle.com/blog/swift-for-android-our-experience-and-tools
swift and avdroid,Swift on Android: The Future of Cross-Platform Programming?,"Apr 6, 2017 ... Eric Wing gives you a conceptual understanding of how Swift works on Android and how you can use it.",https://academy.realm.io/posts/swift-on-android/
swift and avdroid,swift/Android.md at main Â· apple/swift Â· GitHub,"No. Although the Swift compiler is capable of compiling Swift code that runs on an Android device, it takes a lot more than just the Swift stdlib to write anÂ ...",https://github.com/apple/swift/blob/main/docs/Android.md
swift and avdroid,Why Users Still Prefer Native iOS (Swift) & Android (Java/Kotlin ...,"Mar 9, 2020 ... It's clear that, for now, users still prefer native iOS ( Swift ) and Android (Java / Kotlin) mobile applications.",https://www.intertech.com/why-users-still-prefer-native-ios-swift-android-java-kotlin-mobile-applications/
swift and avdroid,readdle/swift-android-toolchain - GitHub,Contribute to readdle/swift-android-toolchain development by creating an ... Automated scripts to build Swift Android cross compilation toolchain for macOSÂ ...,https://github.com/readdle/swift-android-toolchain
swift and avdroid,Migrating to Swift from Android (Paperback) | Hooked,"Oct 17, 2014 ... In 250 pages, Migrating to Swift from Android gives you--as an experienced Android app developer--all you need to create native iOS appsÂ ...",https://www.hookedlansing.com/book/9781484204375
swift and avdroid,Cross-compilation SDKs for Android - Community Showcase - Swift ...,"Jun 1, 2021 ... Any suggestions of Swift packages to add to this Android CI are welcome, and you could use the CI script as an example to build or testÂ ...",https://forums.swift.org/t/cross-compilation-sdks-for-android/49101
swift and avdroid,Swift for Android Makes Major Step Forward with SCADE 2.0,"Oct 19, 2021 ... SCADE includes four major components, all of them open source: a Swift compiler for Android supporting Swift 5.4; Crystal, a cross-platform,Â ...",https://www.infoq.com/news/2021/10/scade-2-released/
swift and avdroid,ios - Is any function in swift similar to R.java in Android? - Stack ...,"Apr 16, 2016 ... I have a open source project R.swift-plugin it provides features as you mentioned. You just need to install the Xcode Plugin via AlcatrazÂ ...",https://stackoverflow.com/questions/36661848/is-any-function-in-swift-similar-to-r-java-in-android
swift and avdroid,Microsoft SwiftKey,"Microsoft SwiftKey for Android. Microsoft SwiftKey gives you more accurate autocorrect and predictions by learning your writing style - including the words,Â ...",https://www.microsoft.com/en-us/swiftkey
